aggregatedDataID,parameterWaterBodyCategory,procedureAnalysedMatrix,resultUom,phenomenonTimeReferenceYear,parameterSamplingPeriod,procedureLOQValue,resultNumberOfSamples,resultQualityNumberOfSamplesBelowLOQ,resultQualityMinimumBelowLOQ,resultMinimumValue,resultQualityMeanBelowLOQ,resultMeanValue,resultQualityMaximumBelowLOQ,resultMaximumValue,resultQualityMedianBelowLOQ,resultMedianValue,resultStandardDeviationValue,resultNumberOfSitesClass1,resultNumberOfSitesClass2,resultNumberOfSitesClass3,resultNumberOfSitesClass4,resultNumberOfSitesClass5,resultObservationStatus,remarks,metadata_versionId,metadata_beginLifeSpanVersion,metadata_statusCode,metadata_observationStatus,metadata_statements,UID
1,GW,W,mg{NH4}/L,2012,2012-01-01--2012-12-31,501.0,2,0,,0.01,,0.01,,0.01,,0.01,,1,0,0,0,,,,http://discomap.eea.europa.eu/data/wisesoe/deriveddata/T_WISE4_AggregatedDataByWaterBody/0.html,2015-11-30 00:00:00.000,experimental,U,"QC_LOQ_ABOVE_MAX_NONESSENTIAL: Possible LOQ outlier - The procedureLOQValue is above the highest expected LOQ for this determinand (<=0.25), but it is not essential for this record, because none of the result statistics value is reported as below LOQ.;QC_LOQ_ABOVE_RESULT_MAX_NONESSENTIAL: Possible LOQ outlier - The procedureLOQValue is above the highest expected result value for this determinand (<=100), but it is not essential for this record, because none of the result statistics value is reported as below LOQ.",15983
2,GW,W,mg{NH4}/L,2012,2012-01-01--2012-12-31,501.0,2,0,,0.02,,0.02,,0.02,,0.02,,1,0,0,0,,,,http://discomap.eea.europa.eu/data/wisesoe/deriveddata/T_WISE4_AggregatedDataByWaterBody/0.html,2015-11-30 00:00:00.000,experimental,U,"QC_LOQ_ABOVE_MAX_NONESSENTIAL: Possible LOQ outlier - The procedureLOQValue is above the highest expected LOQ for this determinand (<=0.25), but it is not essential for this record, because none of the result statistics value is reported as below LOQ.;QC_LOQ_ABOVE_RESULT_MAX_NONESSENTIAL: Possible LOQ outlier - The procedureLOQValue is above the highest expected result value for this determinand (<=100), but it is not essential for this record, because none of the result statistics value is reported as below LOQ.",15989
3,GW,W,mg{NO2}/L,2012,2012-01-01--2012-12-31,502.0,2,0,,5,,5,,5,,5,,1,0,0,0,0,,,http://discomap.eea.europa.eu/data/wisesoe/deriveddata/T_WISE4_AggregatedDataByWaterBody/0.html,2015-11-30 00:00:00.000,experimental,U,"QC_LOQ_ABOVE_MAX_NONESSENTIAL: Possible LOQ outlier - The procedureLOQValue is above the highest expected LOQ for this determinand (<=0.07), but it is not essential for this record, because none of the result statistics value is reported as below LOQ.;QC_LOQ_ABOVE_RESULT_MAX_NONESSENTIAL: Possible LOQ outlier - The procedureLOQValue is above the highest expected result value for this determinand (<=10), but it is not essential for this record, because none of the result statistics value is reported as below LOQ.",15988
4,GW,W,mg{NH4}/L,2012,2012-01-01--2012-12-31,501.0,2,0,,0.01,,0.01,,0.01,,0.01,,1,0,0,0,,,,http://discomap.eea.europa.eu/data/wisesoe/deriveddata/T_WISE4_AggregatedDataByWaterBody/0.html,2015-11-30 00:00:00.000,experimental,U,"QC_LOQ_ABOVE_MAX_NONESSENTIAL: Possible LOQ outlier - The procedureLOQValue is above the highest expected LOQ for this determinand (<=0.25), but it is not essential for this record, because none of the result statistics value is reported as below LOQ.;QC_LOQ_ABOVE_RESULT_MAX_NONESSENTIAL: Possible LOQ outlier - The procedureLOQValue is above the highest expected result value for this determinand (<=100), but it is not essential for this record, because none of the result statistics value is reported as below LOQ.",15986
5,GW,W,mg{NH4}/L,2012,2012-01-01--2012-12-31,501.0,2,0,,0.01,,0.01,,0.01,,0.01,,1,0,0,0,,,,http://discomap.eea.europa.eu/data/wisesoe/deriveddata/T_WISE4_AggregatedDataByWaterBody/0.html,2015-11-30 00:00:00.000,experimental,U,"QC_LOQ_ABOVE_MAX_NONESSENTIAL: Possible LOQ outlier - The procedureLOQValue is above the highest expected LOQ for this determinand (<=0.25), but it is not essential for this record, because none of the result statistics value is reported as below LOQ.;QC_LOQ_ABOVE_RESULT_MAX_NONESSENTIAL: Possible LOQ outlier - The procedureLOQValue is above the highest expected result value for this determinand (<=100), but it is not essential for this record, because none of the result statistics value is reported as below LOQ.",15977
6,GW,W,mg{NO3}/L,2012,2012-01-01--2012-12-31,500.0,2,0,,1.0,,1.0,,1.0,,1.0,,1,0,0,0,,,,http://discomap.eea.europa.eu/data/wisesoe/deriveddata/T_WISE4_AggregatedDataByWaterBody/0.html,2015-11-30 00:00:00.000,experimental,U,"QC_LOQ_ABOVE_MAX_NONESSENTIAL: Possible LOQ outlier - The procedureLOQValue is above the highest expected LOQ for this determinand (<=2.5), but it is not essential for this record, because none of the result statistics value is reported as below LOQ.",15987
7,GW,W,mg{NO2}/L,2012,2012-01-01--2012-12-31,502.0,2,0,,5,,5,,5,,5,,1,0,0,0,0,,,http://discomap.eea.europa.eu/data/wisesoe/deriveddata/T_WISE4_AggregatedDataByWaterBody/0.html,2015-11-30 00:00:00.000,experimental,U,"QC_LOQ_ABOVE_MAX_NONESSENTIAL: Possible LOQ outlier - The procedureLOQValue is above the highest expected LOQ for this determinand (<=0.07), but it is not essential for this record, because none of the result statistics value is reported as below LOQ.;QC_LOQ_ABOVE_RESULT_MAX_NONESSENTIAL: Possible LOQ outlier - The procedureLOQValue is above the highest expected result value for this determinand (<=10), but it is not essential for this record, because none of the result statistics value is reported as below LOQ.",15982
8,GW,W,mg{NO2}/L,2012,2012-01-01--2012-12-31,502.0,2,0,,5,,5,,5,,5,,1,0,0,0,0,,,http://discomap.eea.europa.eu/data/wisesoe/deriveddata/T_WISE4_AggregatedDataByWaterBody/0.html,2015-11-30 00:00:00.000,experimental,U,"QC_LOQ_ABOVE_MAX_NONESSENTIAL: Possible LOQ outlier - The procedureLOQValue is above the highest expected LOQ for this determinand (<=0.07), but it is not essential for this record, because none of the result statistics value is reported as below LOQ.;QC_LOQ_ABOVE_RESULT_MAX_NONESSENTIAL: Possible LOQ outlier - The procedureLOQValue is above the highest expected result value for this determinand (<=10), but it is not essential for this record, because none of the result statistics value is reported as below LOQ.",15985
9,GW,W,mg{NO3}/L,2012,2012-01-01--2012-12-31,500.0,2,0,,1.0,,1.0,,1.0,,1.0,,1,0,0,0,,,,http://discomap.eea.europa.eu/data/wisesoe/deriveddata/T_WISE4_AggregatedDataByWaterBody/0.html,2015-11-30 00:00:00.000,experimental,U,"QC_LOQ_ABOVE_MAX_NONESSENTIAL: Possible LOQ outlier - The procedureLOQValue is above the highest expected LOQ for this determinand (<=2.5), but it is not essential for this record, because none of the result statistics value is reported as below LOQ.",15984
10,GW,W,mg{NO3}/L,2012,2012-01-01--2012-12-31,500.0,2,0,,0.5,,3.75,,7.0,,3.75,,1,0,0,0,,,,http://discomap.eea.europa.eu/data/wisesoe/deriveddata/T_WISE4_AggregatedDataByWaterBody/0.html,2015-11-30 00:00:00.000,experimental,U,"QC_LOQ_ABOVE_MAX_NONESSENTIAL: Possible LOQ outlier - The procedureLOQValue is above the highest expected LOQ for this determinand (<=2.5), but it is not essential for this record, because none of the result statistics value is reported as below LOQ.",15981
11,GW,W,mg{NO3}/L,2012,2012-01-01--2012-12-31,500.0,2,0,,2.0,,2.0,,2.0,,2.0,,1,0,0,0,,,,http://discomap.eea.europa.eu/data/wisesoe/deriveddata/T_WISE4_AggregatedDataByWaterBody/0.html,2015-11-30 00:00:00.000,experimental,U,"QC_LOQ_ABOVE_MAX_NONESSENTIAL: Possible LOQ outlier - The procedureLOQValue is above the highest expected LOQ for this determinand (<=2.5), but it is not essential for this record, because none of the result statistics value is reported as below LOQ.",15990
12,GW,W,mg{NH4}/L,2012,2012-01-01--2012-12-31,501.0,2,0,,0.01,,0.01,,0.01,,0.01,,1,0,0,0,,,,http://discomap.eea.europa.eu/data/wisesoe/deriveddata/T_WISE4_AggregatedDataByWaterBody/0.html,2015-11-30 00:00:00.000,experimental,U,"QC_LOQ_ABOVE_MAX_NONESSENTIAL: Possible LOQ outlier - The procedureLOQValue is above the highest expected LOQ for this determinand (<=0.25), but it is not essential for this record, because none of the result statistics value is reported as below LOQ.;QC_LOQ_ABOVE_RESULT_MAX_NONESSENTIAL: Possible LOQ outlier - The procedureLOQValue is above the highest expected result value for this determinand (<=100), but it is not essential for this record, because none of the result statistics value is reported as below LOQ.",15995
13,GW,W,mg{NO2}/L,2012,2012-01-01--2012-12-31,502.0,2,0,,5,,5,,5,,5,,1,0,0,0,0,,,http://discomap.eea.europa.eu/data/wisesoe/deriveddata/T_WISE4_AggregatedDataByWaterBody/0.html,2015-11-30 00:00:00.000,experimental,U,"QC_LOQ_ABOVE_MAX_NONESSENTIAL: Possible LOQ outlier - The procedureLOQValue is above the highest expected LOQ for this determinand (<=0.07), but it is not essential for this record, because none of the result statistics value is reported as below LOQ.;QC_LOQ_ABOVE_RESULT_MAX_NONESSENTIAL: Possible LOQ outlier - The procedureLOQValue is above the highest expected result value for this determinand (<=10), but it is not essential for this record, because none of the result statistics value is reported as below LOQ.",15994
14,GW,W,mg{NO3}/L,2012,2012-01-01--2012-12-31,500.0,2,0,,2.0,,2.0,,2.0,,2.0,,1,0,0,0,,,,http://discomap.eea.europa.eu/data/wisesoe/deriveddata/T_WISE4_AggregatedDataByWaterBody/0.html,2015-11-30 00:00:00.000,experimental,U,"QC_LOQ_ABOVE_MAX_NONESSENTIAL: Possible LOQ outlier - The procedureLOQValue is above the highest expected LOQ for this determinand (<=2.5), but it is not essential for this record, because none of the result statistics value is reported as below LOQ.",15996
15,GW,W,mg{NH4}/L,2012,2012-01-01--2012-12-31,501.0,4,0,,0.01,,0.01,,0.01,,0.01,,2,0,0,0,,,,http://discomap.eea.europa.eu/data/wisesoe/deriveddata/T_WISE4_AggregatedDataByWaterBody/0.html,2015-11-30 00:00:00.000,experimental,U,"QC_LOQ_ABOVE_MAX_NONESSENTIAL: Possible LOQ outlier - The procedureLOQValue is above the highest expected LOQ for this determinand (<=0.25), but it is not essential for this record, because none of the result statistics value is reported as below LOQ.;QC_LOQ_ABOVE_RESULT_MAX_NONESSENTIAL: Possible LOQ outlier - The procedureLOQValue is above the highest expected result value for this determinand (<=100), but it is not essential for this record, because none of the result statistics value is reported as below LOQ.",16001
16,GW,W,mg{NO2}/L,2012,2012-01-01--2012-12-31,502.0,2,0,,5,,5,,5,,5,,1,0,0,0,0,,,http://discomap.eea.europa.eu/data/wisesoe/deriveddata/T_WISE4_AggregatedDataByWaterBody/0.html,2015-11-30 00:00:00.000,experimental,U,"QC_LOQ_ABOVE_MAX_NONESSENTIAL: Possible LOQ outlier - The procedureLOQValue is above the highest expected LOQ for this determinand (<=0.07), but it is not essential for this record, because none of the result statistics value is reported as below LOQ.;QC_LOQ_ABOVE_RESULT_MAX_NONESSENTIAL: Possible LOQ outlier - The procedureLOQValue is above the highest expected result value for this determinand (<=10), but it is not essential for this record, because none of the result statistics value is reported as below LOQ.",15997
17,GW,W,mg{NO3}/L,2012,2012-01-01--2012-12-31,500.0,4,0,,2.0,,3.25,,5.0,,4.0,,2,0,0,0,,,,http://discomap.eea.europa.eu/data/wisesoe/deriveddata/T_WISE4_AggregatedDataByWaterBody/0.html,2015-11-30 00:00:00.000,experimental,U,"QC_LOQ_ABOVE_MAX_NONESSENTIAL: Possible LOQ outlier - The procedureLOQValue is above the highest expected LOQ for this determinand (<=2.5), but it is not essential for this record, because none of the result statistics value is reported as below LOQ.",15999
18,GW,W,mg{NH4}/L,2012,2012-01-01--2012-12-31,501.0,2,0,,0.01,,0.01,,0.01,,0.01,,1,0,0,0,,,,http://discomap.eea.europa.eu/data/wisesoe/deriveddata/T_WISE4_AggregatedDataByWaterBody/0.html,2015-11-30 00:00:00.000,experimental,U,"QC_LOQ_ABOVE_MAX_NONESSENTIAL: Possible LOQ outlier - The procedureLOQValue is above the highest expected LOQ for this determinand (<=0.25), but it is not essential for this record, because none of the result statistics value is reported as below LOQ.;QC_LOQ_ABOVE_RESULT_MAX_NONESSENTIAL: Possible LOQ outlier - The procedureLOQValue is above the highest expected result value for this determinand (<=100), but it is not essential for this record, because none of the result statistics value is reported as below LOQ.",15998
19,GW,W,mg{NO2}/L,2012,2012-01-01--2012-12-31,502.0,2,0,,5,,5,,5,,5,,1,0,0,0,0,,,http://discomap.eea.europa.eu/data/wisesoe/deriveddata/T_WISE4_AggregatedDataByWaterBody/0.html,2015-11-30 00:00:00.000,experimental,U,"QC_LOQ_ABOVE_MAX_NONESSENTIAL: Possible LOQ outlier - The procedureLOQValue is above the highest expected LOQ for this determinand (<=0.07), but it is not essential for this record, because none of the result statistics value is reported as below LOQ.;QC_LOQ_ABOVE_RESULT_MAX_NONESSENTIAL: Possible LOQ outlier - The procedureLOQValue is above the highest expected result value for this determinand (<=10), but it is not essential for this record, because none of the result statistics value is reported as below LOQ.",15991
20,GW,W,mg{NO2}/L,2012,2012-01-01--2012-12-31,502.0,2,0,,5,,5,,5,,5,,1,0,0,0,0,,,http://discomap.eea.europa.eu/data/wisesoe/deriveddata/T_WISE4_AggregatedDataByWaterBody/0.html,2015-11-30 00:00:00.000,experimental,U,"QC_LOQ_ABOVE_MAX_NONESSENTIAL: Possible LOQ outlier - The procedureLOQValue is above the highest expected LOQ for this determinand (<=0.07), but it is not essential for this record, because none of the result statistics value is reported as below LOQ.;QC_LOQ_ABOVE_RESULT_MAX_NONESSENTIAL: Possible LOQ outlier - The procedureLOQValue is above the highest expected result value for this determinand (<=10), but it is not essential for this record, because none of the result statistics value is reported as below LOQ.",15976
21,GW,W,mg{NO2}/L,2012,2012-01-01--2012-12-31,502.0,2,0,,5,,5,,5,,5,,1,0,0,0,0,,,http://discomap.eea.europa.eu/data/wisesoe/deriveddata/T_WISE4_AggregatedDataByWaterBody/0.html,2015-11-30 00:00:00.000,experimental,U,"QC_LOQ_ABOVE_MAX_NONESSENTIAL: Possible LOQ outlier - The procedureLOQValue is above the highest expected LOQ for this determinand (<=0.07), but it is not essential for this record, because none of the result statistics value is reported as below LOQ.;QC_LOQ_ABOVE_RESULT_MAX_NONESSENTIAL: Possible LOQ outlier - The procedureLOQValue is above the highest expected result value for this determinand (<=10), but it is not essential for this record, because none of the result statistics value is reported as below LOQ.",15967
22,GW,W,mg{NO2}/L,2012,2012-01-01--2012-12-31,502.0,4,0,,5,,5,,5,,5,,2,0,0,0,0,,,http://discomap.eea.europa.eu/data/wisesoe/deriveddata/T_WISE4_AggregatedDataByWaterBody/0.html,2015-11-30 00:00:00.000,experimental,U,"QC_LOQ_ABOVE_MAX_NONESSENTIAL: Possible LOQ outlier - The procedureLOQValue is above the highest expected LOQ for this determinand (<=0.07), but it is not essential for this record, because none of the result statistics value is reported as below LOQ.;QC_LOQ_ABOVE_RESULT_MAX_NONESSENTIAL: Possible LOQ outlier - The procedureLOQValue is above the highest expected result value for this determinand (<=10), but it is not essential for this record, because none of the result statistics value is reported as below LOQ.",16000
23,GW,W,mg{NO3}/L,2012,2012-01-01--2012-12-31,500.0,2,0,,2.0,,2.5,,3.0,,2.5,,1,0,0,0,,,,http://discomap.eea.europa.eu/data/wisesoe/deriveddata/T_WISE4_AggregatedDataByWaterBody/0.html,2015-11-30 00:00:00.000,experimental,U,"QC_LOQ_ABOVE_MAX_NONESSENTIAL: Possible LOQ outlier - The procedureLOQValue is above the highest expected LOQ for this determinand (<=2.5), but it is not essential for this record, because none of the result statistics value is reported as below LOQ.",15993
24,GW,W,mg{NH4}/L,2012,2012-01-01--2012-12-31,501.0,2,0,,0.01,,0.08,,0.16,,0.08,,0,1,0,0,,,,http://discomap.eea.europa.eu/data/wisesoe/deriveddata/T_WISE4_AggregatedDataByWaterBody/0.html,2015-11-30 00:00:00.000,experimental,U,"QC_LOQ_ABOVE_MAX_NONESSENTIAL: Possible LOQ outlier - The procedureLOQValue is above the highest expected LOQ for this determinand (<=0.25), but it is not essential for this record, because none of the result statistics value is reported as below LOQ.;QC_LOQ_ABOVE_RESULT_MAX_NONESSENTIAL: Possible LOQ outlier - The procedureLOQValue is above the highest expected result value for this determinand (<=100), but it is not essential for this record, because none of the result statistics value is reported as below LOQ.",15968
25,GW,W,mg{NH4}/L,2012,2012-01-01--2012-12-31,501.0,2,0,,0.01,,0.01,,0.01,,0.01,,1,0,0,0,,,,http://discomap.eea.europa.eu/data/wisesoe/deriveddata/T_WISE4_AggregatedDataByWaterBody/0.html,2015-11-30 00:00:00.000,experimental,U,"QC_LOQ_ABOVE_MAX_NONESSENTIAL: Possible LOQ outlier - The procedureLOQValue is above the highest expected LOQ for this determinand (<=0.25), but it is not essential for this record, because none of the result statistics value is reported as below LOQ.;QC_LOQ_ABOVE_RESULT_MAX_NONESSENTIAL: Possible LOQ outlier - The procedureLOQValue is above the highest expected result value for this determinand (<=100), but it is not essential for this record, because none of the result statistics value is reported as below LOQ.",15992
26,GW,W,mg{NO3}/L,2012,2012-01-01--2012-12-31,500.0,2,0,,6.0,,6.0,,6.0,,6.0,,1,0,0,0,,,,http://discomap.eea.europa.eu/data/wisesoe/deriveddata/T_WISE4_AggregatedDataByWaterBody/0.html,2015-11-30 00:00:00.000,experimental,U,"QC_LOQ_ABOVE_MAX_NONESSENTIAL: Possible LOQ outlier - The procedureLOQValue is above the highest expected LOQ for this determinand (<=2.5), but it is not essential for this record, because none of the result statistics value is reported as below LOQ.",15975
27,GW,W,mg{NO3}/L,2012,2012-01-01--2012-12-31,500.0,2,0,,0.5,,0.5,,0.5,,0.5,,1,0,0,0,,,,http://discomap.eea.europa.eu/data/wisesoe/deriveddata/T_WISE4_AggregatedDataByWaterBody/0.html,2015-11-30 00:00:00.000,experimental,U,"QC_LOQ_ABOVE_MAX_NONESSENTIAL: Possible LOQ outlier - The procedureLOQValue is above the highest expected LOQ for this determinand (<=2.5), but it is not essential for this record, because none of the result statistics value is reported as below LOQ.",15966
28,GW,W,mg{NO2}/L,2012,2012-01-01--2012-12-31,502.0,4,0,,5,,5,,5,,5,,2,0,0,0,0,,,http://discomap.eea.europa.eu/data/wisesoe/deriveddata/T_WISE4_AggregatedDataByWaterBody/0.html,2015-11-30 00:00:00.000,experimental,U,"QC_LOQ_ABOVE_MAX_NONESSENTIAL: Possible LOQ outlier - The procedureLOQValue is above the highest expected LOQ for this determinand (<=0.07), but it is not essential for this record, because none of the result statistics value is reported as below LOQ.;QC_LOQ_ABOVE_RESULT_MAX_NONESSENTIAL: Possible LOQ outlier - The procedureLOQValue is above the highest expected result value for this determinand (<=10), but it is not essential for this record, because none of the result statistics value is reported as below LOQ.",15934
29,GW,W,mg{NO2}/L,2012,2012-01-01--2012-12-31,502.0,1,0,,5,,5,,5,,5,,1,0,0,0,0,,,http://discomap.eea.europa.eu/data/wisesoe/deriveddata/T_WISE4_AggregatedDataByWaterBody/0.html,2015-11-30 00:00:00.000,experimental,U,"QC_LOQ_ABOVE_MAX_NONESSENTIAL: Possible LOQ outlier - The procedureLOQValue is above the highest expected LOQ for this determinand (<=0.07), but it is not essential for this record, because none of the result statistics value is reported as below LOQ.;QC_LOQ_ABOVE_RESULT_MAX_NONESSENTIAL: Possible LOQ outlier - The procedureLOQValue is above the highest expected result value for this determinand (<=10), but it is not essential for this record, because none of the result statistics value is reported as below LOQ.",15937
30,GW,W,mg{NO2}/L,2012,2012-01-01--2012-12-31,502.0,6,0,,5,,5,,5,,5,,3,0,0,0,0,,,http://discomap.eea.europa.eu/data/wisesoe/deriveddata/T_WISE4_AggregatedDataByWaterBody/0.html,2015-11-30 00:00:00.000,experimental,U,"QC_LOQ_ABOVE_MAX_NONESSENTIAL: Possible LOQ outlier - The procedureLOQValue is above the highest expected LOQ for this determinand (<=0.07), but it is not essential for this record, because none of the result statistics value is reported as below LOQ.;QC_LOQ_ABOVE_RESULT_MAX_NONESSENTIAL: Possible LOQ outlier - The procedureLOQValue is above the highest expected result value for this determinand (<=10), but it is not essential for this record, because none of the result statistics value is reported as below LOQ.",15940
31,GW,W,mg{NH4}/L,2012,2012-01-01--2012-12-31,501.0,2,0,,0.01,,0.01,,0.01,,0.01,,1,0,0,0,,,,http://discomap.eea.europa.eu/data/wisesoe/deriveddata/T_WISE4_AggregatedDataByWaterBody/0.html,2015-11-30 00:00:00.000,experimental,U,"QC_LOQ_ABOVE_MAX_NONESSENTIAL: Possible LOQ outlier - The procedureLOQValue is above the highest expected LOQ for this determinand (<=0.25), but it is not essential for this record, because none of the result statistics value is reported as below LOQ.;QC_LOQ_ABOVE_RESULT_MAX_NONESSENTIAL: Possible LOQ outlier - The procedureLOQValue is above the highest expected result value for this determinand (<=100), but it is not essential for this record, because none of the result statistics value is reported as below LOQ.",15932
32,GW,W,mg{NO3}/L,2012,2012-01-01--2012-12-31,500.0,4,0,,3.0,,4.5,,6.0,,4.5,,2,0,0,0,,,,http://discomap.eea.europa.eu/data/wisesoe/deriveddata/T_WISE4_AggregatedDataByWaterBody/0.html,2015-11-30 00:00:00.000,experimental,U,"QC_LOQ_ABOVE_MAX_NONESSENTIAL: Possible LOQ outlier - The procedureLOQValue is above the highest expected LOQ for this determinand (<=2.5), but it is not essential for this record, because none of the result statistics value is reported as below LOQ.",15933
33,GW,W,mg{NH4}/L,2012,2012-01-01--2012-12-31,501.0,4,0,,0.01,,0.01,,0.01,,0.01,,2,0,0,0,,,,http://discomap.eea.europa.eu/data/wisesoe/deriveddata/T_WISE4_AggregatedDataByWaterBody/0.html,2015-11-30 00:00:00.000,experimental,U,"QC_LOQ_ABOVE_MAX_NONESSENTIAL: Possible LOQ outlier - The procedureLOQValue is above the highest expected LOQ for this determinand (<=0.25), but it is not essential for this record, because none of the result statistics value is reported as below LOQ.;QC_LOQ_ABOVE_RESULT_MAX_NONESSENTIAL: Possible LOQ outlier - The procedureLOQValue is above the highest expected result value for this determinand (<=100), but it is not essential for this record, because none of the result statistics value is reported as below LOQ.",15935
34,GW,W,mg{NO3}/L,2012,2012-01-01--2012-12-31,500.0,6,0,,3.0,,8.83,,15.0,,8.75,,2,1,0,0,,,,http://discomap.eea.europa.eu/data/wisesoe/deriveddata/T_WISE4_AggregatedDataByWaterBody/0.html,2015-11-30 00:00:00.000,experimental,U,"QC_LOQ_ABOVE_MAX_NONESSENTIAL: Possible LOQ outlier - The procedureLOQValue is above the highest expected LOQ for this determinand (<=2.5), but it is not essential for this record, because none of the result statistics value is reported as below LOQ.",15939
35,GW,W,mg{NH4}/L,2012,2012-01-01--2012-12-31,501.0,1,0,,0.01,,0.01,,0.01,,0.01,,1,0,0,0,,,,http://discomap.eea.europa.eu/data/wisesoe/deriveddata/T_WISE4_AggregatedDataByWaterBody/0.html,2015-11-30 00:00:00.000,experimental,U,"QC_LOQ_ABOVE_MAX_NONESSENTIAL: Possible LOQ outlier - The procedureLOQValue is above the highest expected LOQ for this determinand (<=0.25), but it is not essential for this record, because none of the result statistics value is reported as below LOQ.;QC_LOQ_ABOVE_RESULT_MAX_NONESSENTIAL: Possible LOQ outlier - The procedureLOQValue is above the highest expected result value for this determinand (<=100), but it is not essential for this record, because none of the result statistics value is reported as below LOQ.",15938
36,GW,W,mg{NO2}/L,2012,2012-01-01--2012-12-31,502.0,2,0,,5,,5,,5,,5,,1,0,0,0,0,,,http://discomap.eea.europa.eu/data/wisesoe/deriveddata/T_WISE4_AggregatedDataByWaterBody/0.html,2015-11-30 00:00:00.000,experimental,U,"QC_LOQ_ABOVE_MAX_NONESSENTIAL: Possible LOQ outlier - The procedureLOQValue is above the highest expected LOQ for this determinand (<=0.07), but it is not essential for this record, because none of the result statistics value is reported as below LOQ.;QC_LOQ_ABOVE_RESULT_MAX_NONESSENTIAL: Possible LOQ outlier - The procedureLOQValue is above the highest expected result value for this determinand (<=10), but it is not essential for this record, because none of the result statistics value is reported as below LOQ.",15931
37,GW,W,mg{NO3}/L,2012,2012-01-01--2012-12-31,500.0,1,0,,6.0,,6.0,,6.0,,6.0,,1,0,0,0,,,,http://discomap.eea.europa.eu/data/wisesoe/deriveddata/T_WISE4_AggregatedDataByWaterBody/0.html,2015-11-30 00:00:00.000,experimental,U,"QC_LOQ_ABOVE_MAX_NONESSENTIAL: Possible LOQ outlier - The procedureLOQValue is above the highest expected LOQ for this determinand (<=2.5), but it is not essential for this record, because none of the result statistics value is reported as below LOQ.",15936
38,GW,W,mg{NO2}/L,2012,2012-01-01--2012-12-31,0.0,12,0,,,,22.33333,,,,,,,,,,,,,http://discomap.eea.europa.eu/data/wisesoe/deriveddata/T_WISE4_AggregatedDataByWaterBody/0.html,2015-11-30 00:00:00.000,experimental,U,"QC_LOQ_BELOW_MIN_NONESSENTIAL: Possible LOQ outlier - The procedureLOQValue is below the lowest expected LOQ for this determinand (>0), but it is not essential for this record, because none of the result statistics value is reported as below LOQ.;QC_OUTLIER_LIMIT_MAX: Possible outlier - the highest reported result value is higher than the maximum limit set for the respective observed property (result value: 22.3333, limitMax: 10.000)",15926
39,GW,W,mg{NO2}/L,2012,2012-01-01--2012-12-31,502.0,2,0,,5,,5,,5,,5,,1,0,0,0,0,,,http://discomap.eea.europa.eu/data/wisesoe/deriveddata/T_WISE4_AggregatedDataByWaterBody/0.html,2015-11-30 00:00:00.000,experimental,U,"QC_LOQ_ABOVE_MAX_NONESSENTIAL: Possible LOQ outlier - The procedureLOQValue is above the highest expected LOQ for this determinand (<=0.07), but it is not essential for this record, because none of the result statistics value is reported as below LOQ.;QC_LOQ_ABOVE_RESULT_MAX_NONESSENTIAL: Possible LOQ outlier - The procedureLOQValue is above the highest expected result value for this determinand (<=10), but it is not essential for this record, because none of the result statistics value is reported as below LOQ.",15943
40,GW,W,mg{NH4}/L,2012,2012-01-01--2012-12-31,501.0,6,0,,0.01,,0.01,,0.01,,0.01,,3,0,0,0,,,,http://discomap.eea.europa.eu/data/wisesoe/deriveddata/T_WISE4_AggregatedDataByWaterBody/0.html,2015-11-30 00:00:00.000,experimental,U,"QC_LOQ_ABOVE_MAX_NONESSENTIAL: Possible LOQ outlier - The procedureLOQValue is above the highest expected LOQ for this determinand (<=0.25), but it is not essential for this record, because none of the result statistics value is reported as below LOQ.;QC_LOQ_ABOVE_RESULT_MAX_NONESSENTIAL: Possible LOQ outlier - The procedureLOQValue is above the highest expected result value for this determinand (<=100), but it is not essential for this record, because none of the result statistics value is reported as below LOQ.",15941
41,GW,W,mg{NO2}/L,2012,2012-01-01--2012-12-31,502.0,2,0,,5,,5,,5,,5,,1,0,0,0,0,,,http://discomap.eea.europa.eu/data/wisesoe/deriveddata/T_WISE4_AggregatedDataByWaterBody/0.html,2015-11-30 00:00:00.000,experimental,U,"QC_LOQ_ABOVE_MAX_NONESSENTIAL: Possible LOQ outlier - The procedureLOQValue is above the highest expected LOQ for this determinand (<=0.07), but it is not essential for this record, because none of the result statistics value is reported as below LOQ.;QC_LOQ_ABOVE_RESULT_MAX_NONESSENTIAL: Possible LOQ outlier - The procedureLOQValue is above the highest expected result value for this determinand (<=10), but it is not essential for this record, because none of the result statistics value is reported as below LOQ.",15958
42,GW,W,mg{NH4}/L,2012,2012-01-01--2012-12-31,501.0,10,0,,0.01,,12,,0.02,,0.01,,,,,,,,,http://discomap.eea.europa.eu/data/wisesoe/deriveddata/T_WISE4_AggregatedDataByWaterBody/0.html,2015-11-30 00:00:00.000,experimental,U,"QC_LOQ_ABOVE_MAX_NONESSENTIAL: Possible LOQ outlier - The procedureLOQValue is above the highest expected LOQ for this determinand (<=0.25), but it is not essential for this record, because none of the result statistics value is reported as below LOQ.;QC_LOQ_ABOVE_RESULT_MAX_NONESSENTIAL: Possible LOQ outlier - The procedureLOQValue is above the highest expected result value for this determinand (<=100), but it is not essential for this record, because none of the result statistics value is reported as below LOQ.",15950
43,GW,W,mg{NO2}/L,2012,2012-01-01--2012-12-31,502.0,2,0,,5,,5,,5,,5,,1,0,0,0,0,,,http://discomap.eea.europa.eu/data/wisesoe/deriveddata/T_WISE4_AggregatedDataByWaterBody/0.html,2015-11-30 00:00:00.000,experimental,U,"QC_LOQ_ABOVE_MAX_NONESSENTIAL: Possible LOQ outlier - The procedureLOQValue is above the highest expected LOQ for this determinand (<=0.07), but it is not essential for this record, because none of the result statistics value is reported as below LOQ.;QC_LOQ_ABOVE_RESULT_MAX_NONESSENTIAL: Possible LOQ outlier - The procedureLOQValue is above the highest expected result value for this determinand (<=10), but it is not essential for this record, because none of the result statistics value is reported as below LOQ.",15961
44,GW,W,mg{NO2}/L,2012,2012-01-01--2012-12-31,502.0,2,0,,5,,5,,5,,5,,1,0,0,0,0,,,http://discomap.eea.europa.eu/data/wisesoe/deriveddata/T_WISE4_AggregatedDataByWaterBody/0.html,2015-11-30 00:00:00.000,experimental,U,"QC_LOQ_ABOVE_MAX_NONESSENTIAL: Possible LOQ outlier - The procedureLOQValue is above the highest expected LOQ for this determinand (<=0.07), but it is not essential for this record, because none of the result statistics value is reported as below LOQ.;QC_LOQ_ABOVE_RESULT_MAX_NONESSENTIAL: Possible LOQ outlier - The procedureLOQValue is above the highest expected result value for this determinand (<=10), but it is not essential for this record, because none of the result statistics value is reported as below LOQ.",15928
45,GW,W,mg{NH4}/L,2012,2012-01-01--2012-12-31,501.0,2,0,,0.01,,0.01,,0.01,,0.01,,1,0,0,0,,,,http://discomap.eea.europa.eu/data/wisesoe/deriveddata/T_WISE4_AggregatedDataByWaterBody/0.html,2015-11-30 00:00:00.000,experimental,U,"QC_LOQ_ABOVE_MAX_NONESSENTIAL: Possible LOQ outlier - The procedureLOQValue is above the highest expected LOQ for this determinand (<=0.25), but it is not essential for this record, because none of the result statistics value is reported as below LOQ.;QC_LOQ_ABOVE_RESULT_MAX_NONESSENTIAL: Possible LOQ outlier - The procedureLOQValue is above the highest expected result value for this determinand (<=100), but it is not essential for this record, because none of the result statistics value is reported as below LOQ.",15929
46,GW,W,mg{NH4}/L,2012,2012-01-01--2012-12-31,501.0,4,0,,0.01,,13,,0.02,,0.01,,2,0,0,0,,,,http://discomap.eea.europa.eu/data/wisesoe/deriveddata/T_WISE4_AggregatedDataByWaterBody/0.html,2015-11-30 00:00:00.000,experimental,U,"QC_LOQ_ABOVE_MAX_NONESSENTIAL: Possible LOQ outlier - The procedureLOQValue is above the highest expected LOQ for this determinand (<=0.25), but it is not essential for this record, because none of the result statistics value is reported as below LOQ.;QC_LOQ_ABOVE_RESULT_MAX_NONESSENTIAL: Possible LOQ outlier - The procedureLOQValue is above the highest expected result value for this determinand (<=100), but it is not essential for this record, because none of the result statistics value is reported as below LOQ.",15947
47,GW,W,mg{NH4}/L,2012,2012-01-01--2012-12-31,501.0,2,0,,0.06,,65,,0.07,,65,,1,0,0,0,,,,http://discomap.eea.europa.eu/data/wisesoe/deriveddata/T_WISE4_AggregatedDataByWaterBody/0.html,2015-11-30 00:00:00.000,experimental,U,"QC_LOQ_ABOVE_MAX_NONESSENTIAL: Possible LOQ outlier - The procedureLOQValue is above the highest expected LOQ for this determinand (<=0.25), but it is not essential for this record, because none of the result statistics value is reported as below LOQ.;QC_LOQ_ABOVE_RESULT_MAX_NONESSENTIAL: Possible LOQ outlier - The procedureLOQValue is above the highest expected result value for this determinand (<=100), but it is not essential for this record, because none of the result statistics value is reported as below LOQ.",15956
48,GW,W,mg{NH4}/L,2012,2012-01-01--2012-12-31,501.0,2,0,,0.01,,0.01,,0.01,,0.01,,1,0,0,0,,,,http://discomap.eea.europa.eu/data/wisesoe/deriveddata/T_WISE4_AggregatedDataByWaterBody/0.html,2015-11-30 00:00:00.000,experimental,U,"QC_LOQ_ABOVE_MAX_NONESSENTIAL: Possible LOQ outlier - The procedureLOQValue is above the highest expected LOQ for this determinand (<=0.25), but it is not essential for this record, because none of the result statistics value is reported as below LOQ.;QC_LOQ_ABOVE_RESULT_MAX_NONESSENTIAL: Possible LOQ outlier - The procedureLOQValue is above the highest expected result value for this determinand (<=100), but it is not essential for this record, because none of the result statistics value is reported as below LOQ.",15944
49,GW,W,mg{NH4}/L,2012,2012-01-01--2012-12-31,501.0,2,0,,0.01,,0.01,,0.01,,0.01,,1,0,0,0,,,,http://discomap.eea.europa.eu/data/wisesoe/deriveddata/T_WISE4_AggregatedDataByWaterBody/0.html,2015-11-30 00:00:00.000,experimental,U,"QC_LOQ_ABOVE_MAX_NONESSENTIAL: Possible LOQ outlier - The procedureLOQValue is above the highest expected LOQ for this determinand (<=0.25), but it is not essential for this record, because none of the result statistics value is reported as below LOQ.;QC_LOQ_ABOVE_RESULT_MAX_NONESSENTIAL: Possible LOQ outlier - The procedureLOQValue is above the highest expected result value for this determinand (<=100), but it is not essential for this record, because none of the result statistics value is reported as below LOQ.",15962
50,GW,W,mg{NO3}/L,2012,2012-01-01--2012-12-31,500.0,2,0,,7.0,,7.0,,7.0,,7.0,,1,0,0,0,,,,http://discomap.eea.europa.eu/data/wisesoe/deriveddata/T_WISE4_AggregatedDataByWaterBody/0.html,2015-11-30 00:00:00.000,experimental,U,"QC_LOQ_ABOVE_MAX_NONESSENTIAL: Possible LOQ outlier - The procedureLOQValue is above the highest expected LOQ for this determinand (<=2.5), but it is not essential for this record, because none of the result statistics value is reported as below LOQ.",15930
51,GW,W,mg{NO2}/L,2012,2012-01-01--2012-12-31,502.0,4,0,,5,,5,,5,,5,,2,0,0,0,0,,,http://discomap.eea.europa.eu/data/wisesoe/deriveddata/T_WISE4_AggregatedDataByWaterBody/0.html,2015-11-30 00:00:00.000,experimental,U,"QC_LOQ_ABOVE_MAX_NONESSENTIAL: Possible LOQ outlier - The procedureLOQValue is above the highest expected LOQ for this determinand (<=0.07), but it is not essential for this record, because none of the result statistics value is reported as below LOQ.;QC_LOQ_ABOVE_RESULT_MAX_NONESSENTIAL: Possible LOQ outlier - The procedureLOQValue is above the highest expected result value for this determinand (<=10), but it is not essential for this record, because none of the result statistics value is reported as below LOQ.",15946
52,GW,W,mg{NO2}/L,2012,2012-01-01--2012-12-31,502.0,2,0,,5,,5,,5,,5,,1,0,0,0,0,,,http://discomap.eea.europa.eu/data/wisesoe/deriveddata/T_WISE4_AggregatedDataByWaterBody/0.html,2015-11-30 00:00:00.000,experimental,U,"QC_LOQ_ABOVE_MAX_NONESSENTIAL: Possible LOQ outlier - The procedureLOQValue is above the highest expected LOQ for this determinand (<=0.07), but it is not essential for this record, because none of the result statistics value is reported as below LOQ.;QC_LOQ_ABOVE_RESULT_MAX_NONESSENTIAL: Possible LOQ outlier - The procedureLOQValue is above the highest expected result value for this determinand (<=10), but it is not essential for this record, because none of the result statistics value is reported as below LOQ.",15964
53,GW,W,mg{NO2}/L,2012,2012-01-01--2012-12-31,502.0,10,0,,5,,5,,5,,5,,,,,,,,,http://discomap.eea.europa.eu/data/wisesoe/deriveddata/T_WISE4_AggregatedDataByWaterBody/0.html,2015-11-30 00:00:00.000,experimental,U,"QC_LOQ_ABOVE_MAX_NONESSENTIAL: Possible LOQ outlier - The procedureLOQValue is above the highest expected LOQ for this determinand (<=0.07), but it is not essential for this record, because none of the result statistics value is reported as below LOQ.;QC_LOQ_ABOVE_RESULT_MAX_NONESSENTIAL: Possible LOQ outlier - The procedureLOQValue is above the highest expected result value for this determinand (<=10), but it is not essential for this record, because none of the result statistics value is reported as below LOQ.",15949
54,GW,W,mg{NO3}/L,2012,2012-01-01--2012-12-31,500.0,2,0,,17.0,,17.0,,17.0,,17.0,,0,1,0,0,,,,http://discomap.eea.europa.eu/data/wisesoe/deriveddata/T_WISE4_AggregatedDataByWaterBody/0.html,2015-11-30 00:00:00.000,experimental,U,"QC_LOQ_ABOVE_MAX_NONESSENTIAL: Possible LOQ outlier - The procedureLOQValue is above the highest expected LOQ for this determinand (<=2.5), but it is not essential for this record, because none of the result statistics value is reported as below LOQ.",15960
55,GW,W,mg{NO2}/L,2012,2012-01-01--2012-12-31,502.0,2,0,,5,,0.0075,,0.01,,0.0075,,1,0,0,0,0,,,http://discomap.eea.europa.eu/data/wisesoe/deriveddata/T_WISE4_AggregatedDataByWaterBody/0.html,2015-11-30 00:00:00.000,experimental,U,"QC_LOQ_ABOVE_MAX_NONESSENTIAL: Possible LOQ outlier - The procedureLOQValue is above the highest expected LOQ for this determinand (<=0.07), but it is not essential for this record, because none of the result statistics value is reported as below LOQ.;QC_LOQ_ABOVE_RESULT_MAX_NONESSENTIAL: Possible LOQ outlier - The procedureLOQValue is above the highest expected result value for this determinand (<=10), but it is not essential for this record, because none of the result statistics value is reported as below LOQ.",15955
56,GW,W,mg{NH4}/L,2012,2012-01-01--2012-12-31,501.0,2,0,,0.01,,0.01,,0.01,,0.01,,1,0,0,0,,,,http://discomap.eea.europa.eu/data/wisesoe/deriveddata/T_WISE4_AggregatedDataByWaterBody/0.html,2015-11-30 00:00:00.000,experimental,U,"QC_LOQ_ABOVE_MAX_NONESSENTIAL: Possible LOQ outlier - The procedureLOQValue is above the highest expected LOQ for this determinand (<=0.25), but it is not essential for this record, because none of the result statistics value is reported as below LOQ.;QC_LOQ_ABOVE_RESULT_MAX_NONESSENTIAL: Possible LOQ outlier - The procedureLOQValue is above the highest expected result value for this determinand (<=100), but it is not essential for this record, because none of the result statistics value is reported as below LOQ.",15953
57,GW,W,mg{NO3}/L,2012,2012-01-01--2012-12-31,500.0,2,0,,3.0,,3.0,,3.0,,3.0,,1,0,0,0,,,,http://discomap.eea.europa.eu/data/wisesoe/deriveddata/T_WISE4_AggregatedDataByWaterBody/0.html,2015-11-30 00:00:00.000,experimental,U,"QC_LOQ_ABOVE_MAX_NONESSENTIAL: Possible LOQ outlier - The procedureLOQValue is above the highest expected LOQ for this determinand (<=2.5), but it is not essential for this record, because none of the result statistics value is reported as below LOQ.",15927
58,GW,W,mg{NO3}/L,2012,2012-01-01--2012-12-31,500.0,2,0,,24.0,,25.5,,27.0,,25.5,,0,0,1,0,,,,http://discomap.eea.europa.eu/data/wisesoe/deriveddata/T_WISE4_AggregatedDataByWaterBody/0.html,2015-11-30 00:00:00.000,experimental,U,"QC_LOQ_ABOVE_MAX_NONESSENTIAL: Possible LOQ outlier - The procedureLOQValue is above the highest expected LOQ for this determinand (<=2.5), but it is not essential for this record, because none of the result statistics value is reported as below LOQ.",15963
59,GW,W,mg{NH4}/L,2012,2012-01-01--2012-12-31,501.0,2,0,,0.01,,15,,0.02,,15,,1,0,0,0,,,,http://discomap.eea.europa.eu/data/wisesoe/deriveddata/T_WISE4_AggregatedDataByWaterBody/0.html,2015-11-30 00:00:00.000,experimental,U,"QC_LOQ_ABOVE_MAX_NONESSENTIAL: Possible LOQ outlier - The procedureLOQValue is above the highest expected LOQ for this determinand (<=0.25), but it is not essential for this record, because none of the result statistics value is reported as below LOQ.;QC_LOQ_ABOVE_RESULT_MAX_NONESSENTIAL: Possible LOQ outlier - The procedureLOQValue is above the highest expected result value for this determinand (<=100), but it is not essential for this record, because none of the result statistics value is reported as below LOQ.",15959
60,GW,W,mg{NO3}/L,2012,2012-01-01--2012-12-31,500.0,4,0,,13.0,,17.75,,26.0,,16.0,,1,1,0,0,,,,http://discomap.eea.europa.eu/data/wisesoe/deriveddata/T_WISE4_AggregatedDataByWaterBody/0.html,2015-11-30 00:00:00.000,experimental,U,"QC_LOQ_ABOVE_MAX_NONESSENTIAL: Possible LOQ outlier - The procedureLOQValue is above the highest expected LOQ for this determinand (<=2.5), but it is not essential for this record, because none of the result statistics value is reported as below LOQ.",15945
61,GW,W,mg{NO3}/L,2012,2012-01-01--2012-12-31,500.0,2,0,,0.5,,0.5,,0.5,,0.5,,1,0,0,0,,,,http://discomap.eea.europa.eu/data/wisesoe/deriveddata/T_WISE4_AggregatedDataByWaterBody/0.html,2015-11-30 00:00:00.000,experimental,U,"QC_LOQ_ABOVE_MAX_NONESSENTIAL: Possible LOQ outlier - The procedureLOQValue is above the highest expected LOQ for this determinand (<=2.5), but it is not essential for this record, because none of the result statistics value is reported as below LOQ.",15954
62,GW,W,mg{NO3}/L,2012,2012-01-01--2012-12-31,500.0,2,0,,15.0,,15.5,,16.0,,15.5,,0,1,0,0,,,,http://discomap.eea.europa.eu/data/wisesoe/deriveddata/T_WISE4_AggregatedDataByWaterBody/0.html,2015-11-30 00:00:00.000,experimental,U,"QC_LOQ_ABOVE_MAX_NONESSENTIAL: Possible LOQ outlier - The procedureLOQValue is above the highest expected LOQ for this determinand (<=2.5), but it is not essential for this record, because none of the result statistics value is reported as below LOQ.",15942
63,GW,W,mg{NO3}/L,2012,2012-01-01--2012-12-31,500.0,2,0,,4.0,,4.5,,5.0,,4.5,,1,0,0,0,,,,http://discomap.eea.europa.eu/data/wisesoe/deriveddata/T_WISE4_AggregatedDataByWaterBody/0.html,2015-11-30 00:00:00.000,experimental,U,"QC_LOQ_ABOVE_MAX_NONESSENTIAL: Possible LOQ outlier - The procedureLOQValue is above the highest expected LOQ for this determinand (<=2.5), but it is not essential for this record, because none of the result statistics value is reported as below LOQ.",15957
64,GW,W,mg{NO2}/L,2012,2012-01-01--2012-12-31,502.0,2,0,,5,,5,,5,,5,,1,0,0,0,0,,,http://discomap.eea.europa.eu/data/wisesoe/deriveddata/T_WISE4_AggregatedDataByWaterBody/0.html,2015-11-30 00:00:00.000,experimental,U,"QC_LOQ_ABOVE_MAX_NONESSENTIAL: Possible LOQ outlier - The procedureLOQValue is above the highest expected LOQ for this determinand (<=0.07), but it is not essential for this record, because none of the result statistics value is reported as below LOQ.;QC_LOQ_ABOVE_RESULT_MAX_NONESSENTIAL: Possible LOQ outlier - The procedureLOQValue is above the highest expected result value for this determinand (<=10), but it is not essential for this record, because none of the result statistics value is reported as below LOQ.",15952
65,GW,W,mg{NH4}/L,2012,2012-01-01--2012-12-31,501.0,2,0,,0.01,,0.02,,0.03,,0.02,,1,0,0,0,,,,http://discomap.eea.europa.eu/data/wisesoe/deriveddata/T_WISE4_AggregatedDataByWaterBody/0.html,2015-11-30 00:00:00.000,experimental,U,"QC_LOQ_ABOVE_MAX_NONESSENTIAL: Possible LOQ outlier - The procedureLOQValue is above the highest expected LOQ for this determinand (<=0.25), but it is not essential for this record, because none of the result statistics value is reported as below LOQ.;QC_LOQ_ABOVE_RESULT_MAX_NONESSENTIAL: Possible LOQ outlier - The procedureLOQValue is above the highest expected result value for this determinand (<=100), but it is not essential for this record, because none of the result statistics value is reported as below LOQ.",15965
66,GW,W,mg{NO3}/L,2012,2012-01-01--2012-12-31,500.0,10,0,,7.0,,10.4,,17.0,,9.3,,,,,,,,,http://discomap.eea.europa.eu/data/wisesoe/deriveddata/T_WISE4_AggregatedDataByWaterBody/0.html,2015-11-30 00:00:00.000,experimental,U,"QC_LOQ_ABOVE_MAX_NONESSENTIAL: Possible LOQ outlier - The procedureLOQValue is above the highest expected LOQ for this determinand (<=2.5), but it is not essential for this record, because none of the result statistics value is reported as below LOQ.",15948
67,GW,W,mg{NO3}/L,2012,2012-01-01--2012-12-31,500.0,2,0,,2.0,,3.0,,4.0,,3.0,,1,0,0,0,,,,http://discomap.eea.europa.eu/data/wisesoe/deriveddata/T_WISE4_AggregatedDataByWaterBody/0.html,2015-11-30 00:00:00.000,experimental,U,"QC_LOQ_ABOVE_MAX_NONESSENTIAL: Possible LOQ outlier - The procedureLOQValue is above the highest expected LOQ for this determinand (<=2.5), but it is not essential for this record, because none of the result statistics value is reported as below LOQ.",15951
68,GW,W,mg{NO2}/L,2012,2012-01-01--2012-12-31,502.0,2,0,,5,,5,,5,,5,,1,0,0,0,0,,,http://discomap.eea.europa.eu/data/wisesoe/deriveddata/T_WISE4_AggregatedDataByWaterBody/spatialIdUpdate01.html,2015-11-30 00:00:00.000,experimental,U,"QC_LOQ_ABOVE_MAX_NONESSENTIAL: Possible LOQ outlier - The procedureLOQValue is above the highest expected LOQ for this determinand (<=0.07), but it is not essential for this record, because none of the result statistics value is reported as below LOQ.;QC_LOQ_ABOVE_RESULT_MAX_NONESSENTIAL: Possible LOQ outlier - The procedureLOQValue is above the highest expected result value for this determinand (<=10), but it is not essential for this record, because none of the result statistics value is reported as below LOQ.",24764
69,GW,W,mg{NH4}/L,2012,2012-01-01--2012-12-31,501.0,2,0,,0.01,,0.01,,0.01,,0.01,,1,0,0,0,,,,http://discomap.eea.europa.eu/data/wisesoe/deriveddata/T_WISE4_AggregatedDataByWaterBody/spatialIdUpdate01.html,2015-11-30 00:00:00.000,experimental,U,"QC_LOQ_ABOVE_MAX_NONESSENTIAL: Possible LOQ outlier - The procedureLOQValue is above the highest expected LOQ for this determinand (<=0.25), but it is not essential for this record, because none of the result statistics value is reported as below LOQ.;QC_LOQ_ABOVE_RESULT_MAX_NONESSENTIAL: Possible LOQ outlier - The procedureLOQValue is above the highest expected result value for this determinand (<=100), but it is not essential for this record, because none of the result statistics value is reported as below LOQ.",24755
70,GW,W,mg{NO2}/L,2012,2012-01-01--2012-12-31,502.0,2,0,,5,,5,,5,,5,,1,0,0,0,0,,,http://discomap.eea.europa.eu/data/wisesoe/deriveddata/T_WISE4_AggregatedDataByWaterBody/spatialIdUpdate01.html,2015-11-30 00:00:00.000,experimental,U,"QC_LOQ_ABOVE_MAX_NONESSENTIAL: Possible LOQ outlier - The procedureLOQValue is above the highest expected LOQ for this determinand (<=0.07), but it is not essential for this record, because none of the result statistics value is reported as below LOQ.;QC_LOQ_ABOVE_RESULT_MAX_NONESSENTIAL: Possible LOQ outlier - The procedureLOQValue is above the highest expected result value for this determinand (<=10), but it is not essential for this record, because none of the result statistics value is reported as below LOQ.",24754
71,GW,W,mg{NH4}/L,2012,2012-01-01--2012-12-31,501.0,2,0,,0.01,,0.01,,0.01,,0.01,,1,0,0,0,,,,http://discomap.eea.europa.eu/data/wisesoe/deriveddata/T_WISE4_AggregatedDataByWaterBody/spatialIdUpdate01.html,2015-11-30 00:00:00.000,experimental,U,"QC_LOQ_ABOVE_MAX_NONESSENTIAL: Possible LOQ outlier - The procedureLOQValue is above the highest expected LOQ for this determinand (<=0.25), but it is not essential for this record, because none of the result statistics value is reported as below LOQ.;QC_LOQ_ABOVE_RESULT_MAX_NONESSENTIAL: Possible LOQ outlier - The procedureLOQValue is above the highest expected result value for this determinand (<=100), but it is not essential for this record, because none of the result statistics value is reported as below LOQ.",24779
72,GW,W,mg{NO2}/L,2012,2012-01-01--2012-12-31,502.0,2,0,,5,,5,,5,,5,,1,0,0,0,0,,,http://discomap.eea.europa.eu/data/wisesoe/deriveddata/T_WISE4_AggregatedDataByWaterBody/spatialIdUpdate01.html,2015-11-30 00:00:00.000,experimental,U,"QC_LOQ_ABOVE_MAX_NONESSENTIAL: Possible LOQ outlier - The procedureLOQValue is above the highest expected LOQ for this determinand (<=0.07), but it is not essential for this record, because none of the result statistics value is reported as below LOQ.;QC_LOQ_ABOVE_RESULT_MAX_NONESSENTIAL: Possible LOQ outlier - The procedureLOQValue is above the highest expected result value for this determinand (<=10), but it is not essential for this record, because none of the result statistics value is reported as below LOQ.",24778
73,GW,W,mg{NO3}/L,2012,2012-01-01--2012-12-31,500.0,2,0,,7.0,,7.0,,7.0,,7.0,,1,0,0,0,,,,http://discomap.eea.europa.eu/data/wisesoe/deriveddata/T_WISE4_AggregatedDataByWaterBody/spatialIdUpdate01.html,2015-11-30 00:00:00.000,experimental,U,"QC_LOQ_ABOVE_MAX_NONESSENTIAL: Possible LOQ outlier - The procedureLOQValue is above the highest expected LOQ for this determinand (<=2.5), but it is not essential for this record, because none of the result statistics value is reported as below LOQ.",24753
74,GW,W,mg{NH4}/L,2012,2012-01-01--2012-12-31,501.0,2,0,,0.01,,0.01,,0.01,,0.01,,1,0,0,0,,,,http://discomap.eea.europa.eu/data/wisesoe/deriveddata/T_WISE4_AggregatedDataByWaterBody/spatialIdUpdate01.html,2015-11-30 00:00:00.000,experimental,U,"QC_LOQ_ABOVE_MAX_NONESSENTIAL: Possible LOQ outlier - The procedureLOQValue is above the highest expected LOQ for this determinand (<=0.25), but it is not essential for this record, because none of the result statistics value is reported as below LOQ.;QC_LOQ_ABOVE_RESULT_MAX_NONESSENTIAL: Possible LOQ outlier - The procedureLOQValue is above the highest expected result value for this determinand (<=100), but it is not essential for this record, because none of the result statistics value is reported as below LOQ.",24762
75,GW,W,mg{NO3}/L,2012,2012-01-01--2012-12-31,500.0,2,0,,36.0,,39.0,,42.0,,39.0,,0,0,1,0,,,,http://discomap.eea.europa.eu/data/wisesoe/deriveddata/T_WISE4_AggregatedDataByWaterBody/spatialIdUpdate01.html,2015-11-30 00:00:00.000,experimental,U,"QC_LOQ_ABOVE_MAX_NONESSENTIAL: Possible LOQ outlier - The procedureLOQValue is above the highest expected LOQ for this determinand (<=2.5), but it is not essential for this record, because none of the result statistics value is reported as below LOQ.",24763
76,GW,W,mg{NO3}/L,2012,2012-01-01--2012-12-31,500.0,2,0,,4.0,,5.0,,6.0,,5.0,,1,0,0,0,,,,http://discomap.eea.europa.eu/data/wisesoe/deriveddata/T_WISE4_AggregatedDataByWaterBody/spatialIdUpdate01.html,2015-11-30 00:00:00.000,experimental,U,"QC_LOQ_ABOVE_MAX_NONESSENTIAL: Possible LOQ outlier - The procedureLOQValue is above the highest expected LOQ for this determinand (<=2.5), but it is not essential for this record, because none of the result statistics value is reported as below LOQ.",24777
